{
"apiVersion": "V2",
"assemblies": [
{
  "files": [
    {
      "filePath": "data_summary.tsv",
      "fileType": "DATA_TABLE",
      "uncompressedLengthBytes": "589"
    },
    {
      "filePath": "assembly_data_report.jsonl",
      "fileType": "DATA_REPORT",
      "uncompressedLengthBytes": "6377"
    }
  ]
},{
  "accession": "GCA_904425475.1",
  "files": [
    {
      "filePath": "GCA_904425475.1/GCA_904425475.1_MG1655_genomic.fna",
      "fileType": "GENOMIC_NUCLEOTIDE_FASTA",
      "uncompressedLengthBytes": "4683031"
    }
  ]
},{
  "accession": "GCF_904425475.1",
  "files": [
    {
      "filePath": "GCF_904425475.1/GCF_904425475.1_MG1655_genomic.fna",
      "fileType": "GENOMIC_NUCLEOTIDE_FASTA",
      "uncompressedLengthBytes": "4683067"
    }
  ]
}]}
